{
    "name": "Weightless",
    "description": "You can remove gravity from all mobs in a 8 block radius for 20 seconds",
    "type": "origins:active_self",
    "entity_action": {
        "type": "origins:and",
        "actions": [
            {
                "type": "origins:execute_command",
                "command": "effect give @e[distance=..8] minecraft:levitation 10 5"
            },
            {
                "type": "origins:execute_command",
                "command": "effect give @e[distance=..8] minecraft:slow_falling 20 1"
            },
            {
                "type": "origins:execute_command",
                "command": "effect clear @s minecraft:levitation"
            },
            {
                "type": "origins:execute_command",
                "command": "effect clear @s minecraft:slow_falling"
            }
        ]
    },
    "cooldown": 1200,
    "hud_render": {
        "should_render": true,
        "sprite_location": "origins:textures/gui/resource_bar.png",
        "bar_index": 3
    },
    "key": "primary"
}