{
    "name": "Different Physics engine",
    "description": "Because Fluids use another physics engine they conflict with your physics engine so you take more lava damage and also take damage from water. You also cant regenerate in fluids",
    "condition": {
        "type": "origins:or",
        "conditions": [
            {
                "type": "origins:in_rain"
            },
            {
                "type": "origins:in_block",
                "block_condition": {
                    "type": "origins:fluid",
                    "fluid_condition": {
                        "inverted": true,
                        "type": "origins:empty"
                    }
                }
            }
        ]
    },
    "type": "origins:damage_over_time",
    "interval": 1,
    "onset_delay": 5,
    "damage": 2,
    "damage_source": {
        "name": "hurt_by_water",
        "bypasses_armor": true,
        "unblockable": true
    },
    "protection_effectiveness": 1
}