{
    "name": "Flight",
    "description": "You can creative fly but you have a bar that fills when you dont fly but gets consumed when you fly and you take double damage from projectiles while flying",
    "type": "origins:multiple",
    "flight": {
        "condition": {
            "type": "origins:and",
            "conditions": [
                {
                    "type": "origins:resource",
                    "resource": "rbg:gravity_fuel",
                    "comparison": ">",
                    "compare_to": 1
                },
                {
                    "inverted": true,
                    "type": "origins:in_rain"
                }
            ]
        },
        "type": "origins:creative_flight"
    },
    "fuel": {
        "type": "origins:resource",
        "min": 1,
        "max": 100,
        "hud_render": {
            "should_render": true,
            "sprite_location": "origins:textures/gui/resource_bar.png",
            "bar_index": 4
        }
    },
    "consume": {
        "type": "origins:action_over_time",
        "interval": 5,
        "entity_action": {
            "type": "origins:if_else",
            "condition": {
                "type": "origins:creative_flying"
            },
            "if_action": {
                "type": "origins:change_resource",
                "resource": "rbg:gravity_fuel",
                "change": -1,
                "operation": "add"
            },
            "else_action": {
                "type": "origins:change_resource",
                "resource": "rbg:gravity_fuel",
                "change": 1,
                "operation": "add"
            }
        }
    }
}