{
    "name": "Hacker",
    "description": "You can hack the matrix to stop all entities in a 8 block radius",
    "type": "origins:active_self",
    "entity_action": {
        "type": "origins:and",
        "actions": [
            {
                "type": "origins:execute_command",
                "command": "carpet smoothClientAnimations true"
            },
            {
                "type": "origins:apply_effect",
                "effects": [
                    {
                        "effect": "minecraft:regeneration",
                        "duration": 300,
                        "amplifier": 5,
                        "show_particles": true,
                        "show_icon": true
                    },
                    {
                        "effect": "minecraft:fire_resistance",
                        "duration": 300,
                        "amplifier": 0,
                        "show_particles": true,
                        "show_icon": true
                    },
                    {
                        "effect": "minecraft:resistance",
                        "duration": 300,
                        "amplifier": 4,
                        "show_particles": true,
                        "show_icon": true
                    }
                ]
            },
            {
                "type": "origins:execute_command",
                "command": "effect give @e[distance=0.5..8] minecraft:slowness 10 3"
            },
            {
                "type": "origins:execute_command",
                "command": "effect give @e[distance=0.5..8] minecraft:weakness 10 3"
            }
        ]
    },
    "cooldown": 1200,
    "hud_render": {
        "should_render": true,
        "sprite_location": "origins:textures/gui/resource_bar.png",
        "bar_index": 8
    },
    "key": "secondary"
}