{
    "name": "Elytra?",
    "description": "Lame! You can creative fly. Why do you need elytras?",
    "type": "origins:multiple",
    "chest": {
        "type": "origins:restrict_armor",
        "chest": {
            "type": "origins:ingredient",
            "ingredient": {
                "item": "minecraft:elytra"
            }
        }
    },
    "item": {
        "type": "origins:prevent_item_use",
        "item_condition": {
            "type": "origins:ingredient",
            "ingredient": {
                "item": "minecraft:elytra"
            }
        }
    }
}