{
    "hidden": true,
    "condition": {
        "type": "origins:or",
        "conditions": [
            {
                "type": "origins:in_rain"
            },
            {
                "type": "origins:in_block",
                "block_condition": {
                    "type": "origins:fluid",
                    "fluid_condition": {
                        "inverted": true,
                        "type": "origins:empty"
                    }
                }
            }
        ]
    },
    "type": "origins:disable_regen"
}