{
    "name": "Punch",
    "description": "when you hit a mob while flying the mob experiences a little bit from your pysics engine and gets launched",
    "type": "origins:multiple",
    "entity_action": {
        "condition": {
            "type": "origins:creative_flying"
        },
        "type": "origins:target_action_on_hit",
        "entity_action": {
            "type": "origins:and",
            "actions": [
                {
                    "type": "origins:add_velocity",
                    "y": 0.5,
                    "space": "world"
                },
                {
                    "type": "origins:apply_effect",
                    "effect": {
                        "effect": "minecraft:levitation",
                        "duration": 20,
                        "amplifier": 0,
                        "show_particles": true,
                        "show_icon": true
                    }
                }
            ]
        },
        "cooldown": 1,
        "hud_render": {
            "should_render": false
        }
    }
}