{
    "hidden": true,
    "type": "origins:action_over_time",
    "interval": 2,
    "entity_action": {
        "type": "origins:and",
        "actions": [
            {
                "type": "origins:execute_command",
                "command": "execute as @e[tag=rbg_remote] at @s run particle minecraft:cloud ~ ~0.5 ~"
            },
            {
                "type": "origins:execute_command",
                "command": "execute as @e[tag=rbg_remote] at @s run kill @e[type=item,nbt={Item:{id:\"minecraft:redstone_block\",Count:1b}},distance=..2]"
            }
        ]
    }
}