{
    "name": "idk",
    "description": "idk",
    "hidden": true,
    "condition": {
        "type": "origins:sneaking"
    },
    "type": "origins:active_self",
    "entity_action": {
        "type": "origins:and",
        "actions": [
            {
                "type": "origins:execute_command",
                "command": "execute as @e[tag=rbg_remote] at @s run setblock ~ ~ ~ minecraft:air"
            },
            {
                "type": "origins:execute_command",
                "command": "execute as @e[tag=rbg_remote] at @s run forceload remove ~ ~"
            },
            {
                "type": "origins:execute_command",
                "command": "kill @e[tag=rbg_remote]"
            },
            {
                "type": "origins:execute_command",
                "command": "execute align xz run summon armor_stand ~0.5 ~ ~0.5 {NoGravity:1b,Invisible:1b,Tags:[\"rbg_remote\"]}"
            },
            {
                "type": "origins:execute_command",
                "command": "execute as @e[tag=rbg_remote] at @s run forceload add ~ ~"
            },
            {
                "type": "origins:execute_command",
                "command": "tellraw @p \"Moved remote\""
            }
        ]
    },
    "key": "secondary"
}