{
    "name": "Telekinesis",
    "description": "You can use telekinesis to change the state of redstone",
    "condition": {
        "inverted": true,
        "type": "origins:sneaking"
    },
    "type": "origins:active_self",
    "entity_action": {
        "type": "origins:and",
        "actions": [
            {
                "type": "origins:if_else",
                "condition": {
                    "type": "origins:and",
                    "conditions": [
                        {
                            "type": "origins:command",
                            "command": "execute as @e[tag=rbg_remote] at @s if block ~ ~ ~ minecraft:redstone_block",
                            "comparison": ">=",
                            "compare_to": 1
                        }
                    ]
                },
                "if_action": {
                    "type": "origins:and",
                    "actions": [
                        {
                            "type": "origins:execute_command",
                            "command": "execute as @e[tag=rbg_remote] at @s run setblock ~ ~ ~ minecraft:air"
                        },
                        {
                            "type": "origins:execute_command",
                            "command": "tellraw @p [\"\",{\"text\":\"Disabled \",\"color\":\"red\"},{\"text\":\"remote\",\"color\":\"gray\"}]"
                        }
                    ]
                },
                "else_action": {
                    "type": "origins:and",
                    "actions": [
                        {
                            "type": "origins:execute_command",
                            "command": "execute as @e[tag=rbg_remote] at @s run setblock ~ ~ ~ minecraft:redstone_block"
                        },
                        {
                            "type": "origins:execute_command",
                            "command": "tellraw @p [\"\",{\"text\":\"Enabled \",\"color\":\"dark_green\"},{\"text\":\"remote\",\"color\":\"gray\"}]"
                        }
                    ]
                }
            }
        ]
    },
    "hud_render": {
        "should_render": true,
        "sprite_location": "origins:textures/gui/resource_bar.png",
        "bar_index": 8
    },
    "key": "secondary"
}